all_days,stereo_baseline,1,cam,ape,1.243501,0.185278,0.155697,0.005711,0.224876,97.598155,0.127440
all_days,stereo_baseline,1,kf,ape,0.998430,0.191467,0.174386,0.015047,0.226384,37.053558,0.120790
all_days,stereo_baseline,1,cam,rpe,1.214173,0.032063,0.010615,0.000074,0.082990,13.285837,0.076547
all_days,stereo_baseline,1,kf,rpe,1.156133,0.038148,0.008831,0.000089,0.094852,6.495756,0.086842
all_days,stereo_baseline,2,cam,ape,1.715226,0.156458,0.121647,0.003321,0.200376,77.330096,0.125186
all_days,stereo_baseline,2,kf,ape,0.764215,0.160067,0.121034,0.010444,0.201266,29.813826,0.122010
all_days,stereo_baseline,2,cam,rpe,1.919848,0.029269,0.010085,0.000173,0.085487,14.067842,0.080320
all_days,stereo_baseline,2,kf,rpe,0.745767,0.031283,0.007893,0.000163,0.071596,3.767645,0.064400
all_days,stereo_baseline,3,cam,ape,1.635940,0.159482,0.132133,0.006336,0.196382,74.470472,0.114592
all_days,stereo_baseline,3,kf,ape,0.612627,0.164037,0.135067,0.007835,0.198955,30.360190,0.112583
all_days,stereo_baseline,3,cam,rpe,1.613672,0.031112,0.010424,0.000148,0.083919,13.591667,0.077938
all_days,stereo_baseline,3,kf,rpe,0.727905,0.037961,0.008638,0.000149,0.090978,6.340141,0.082680
all_days,stereo_baseline,4,cam,ape,0.806514,0.139983,0.111296,0.006386,0.179930,62.451323,0.113047
all_days,stereo_baseline,4,kf,ape,0.704499,0.134338,0.117505,0.013815,0.162419,17.832742,0.091286
all_days,stereo_baseline,4,cam,rpe,0.921160,0.029798,0.010330,0.000197,0.073165,10.320944,0.066823
all_days,stereo_baseline,4,kf,rpe,0.925146,0.039068,0.008746,0.000121,0.093851,5.945430,0.085333
all_days,stereo_baseline,5,cam,ape,1.350201,0.218207,0.163082,0.015685,0.282329,153.759526,0.179151
all_days,stereo_baseline,5,kf,ape,1.100079,0.210955,0.167985,0.014610,0.262550,52.733446,0.156303
all_days,stereo_baseline,5,cam,rpe,1.466156,0.032266,0.011045,0.000304,0.084692,13.828943,0.078305
all_days,stereo_baseline,5,kf,rpe,1.152284,0.042471,0.009905,0.000392,0.102481,8.023868,0.093267
all_days,stereo_baseline,6,cam,ape,0.726670,0.158829,0.117820,0.009918,0.199847,76.003594,0.121293
all_days,stereo_baseline,6,kf,ape,0.718665,0.158788,0.113732,0.014716,0.200907,28.658184,0.123086
all_days,stereo_baseline,6,cam,rpe,0.637240,0.030231,0.011125,0.000286,0.068893,9.027277,0.061905
all_days,stereo_baseline,6,kf,rpe,0.825026,0.038286,0.009587,0.000343,0.085226,5.149750,0.076142
all_days,stereo_baseline,7,cam,ape,0.866408,0.165452,0.131964,0.012530,0.206614,81.194946,0.123753
all_days,stereo_baseline,7,kf,ape,0.856239,0.166852,0.135157,0.018351,0.208339,30.904536,0.124762
all_days,stereo_baseline,7,cam,rpe,0.780158,0.030783,0.012019,0.000196,0.067737,8.722362,0.060338
all_days,stereo_baseline,7,kf,rpe,0.582453,0.036139,0.007717,0.000210,0.080203,4.573570,0.071600
all_days,stereo_baseline,8,cam,ape,1.001487,0.152568,0.126300,0.002767,0.180568,62.764439,0.096581
all_days,stereo_baseline,8,kf,ape,0.958900,0.154774,0.130534,0.011946,0.182503,23.481742,0.096708
all_days,stereo_baseline,8,cam,rpe,1.125579,0.029344,0.010506,0.000114,0.075464,10.956699,0.069525
all_days,stereo_baseline,8,kf,rpe,0.994959,0.033592,0.008939,0.000282,0.082980,4.847471,0.075876
all_days,stereo_baseline,9,cam,ape,1.384412,0.148412,0.122051,0.002694,0.191100,70.153353,0.120387
all_days,stereo_baseline,9,kf,ape,0.827935,0.150753,0.126804,0.006701,0.188256,27.430939,0.112756
all_days,stereo_baseline,9,cam,rpe,1.307234,0.030777,0.010014,0.000189,0.087083,14.560321,0.081463
all_days,stereo_baseline,9,kf,rpe,1.054898,0.035070,0.008337,0.000188,0.089624,6.209098,0.082478
all_days,stereo_baseline,10,cam,ape,0.842942,0.194468,0.178963,0.010917,0.229134,101.277385,0.121181
all_days,stereo_baseline,10,kf,ape,0.849590,0.212241,0.192106,0.021353,0.246233,43.896552,0.124838
all_days,stereo_baseline,10,cam,rpe,0.771817,0.029211,0.012008,0.000241,0.067303,8.733271,0.060633
all_days,stereo_baseline,10,kf,rpe,0.793318,0.036076,0.010314,0.000315,0.081016,4.745527,0.072541
all_days,stereo_baseline,11,cam,ape,0.698511,0.135052,0.103870,0.012283,0.166576,52.997720,0.097512
all_days,stereo_baseline,11,kf,ape,0.500020,0.127897,0.105002,0.011208,0.151806,15.716699,0.081776
all_days,stereo_baseline,11,cam,rpe,0.662399,0.030001,0.010929,0.000064,0.071492,9.757033,0.064892
all_days,stereo_baseline,11,kf,rpe,0.566763,0.034863,0.008715,0.000236,0.078810,4.229702,0.070679
all_days,stereo_baseline,12,cam,ape,1.149515,0.192774,0.133369,0.010413,0.248095,117.501370,0.156172
all_days,stereo_baseline,12,kf,ape,1.083672,0.194057,0.142553,0.009823,0.241297,40.000108,0.143409
all_days,stereo_baseline,12,cam,rpe,1.158187,0.037188,0.012521,0.000105,0.096421,17.738826,0.088962
all_days,stereo_baseline,12,kf,rpe,0.821791,0.048925,0.012372,0.000370,0.108237,8.036734,0.096549
all_days,stereo_baseline,13,cam,ape,0.846502,0.154601,0.117897,0.002108,0.201517,77.604346,0.129259
all_days,stereo_baseline,13,kf,ape,0.837364,0.155449,0.121275,0.010780,0.202551,30.852096,0.129856
all_days,stereo_baseline,13,cam,rpe,1.209334,0.029992,0.010105,0.000045,0.077539,11.483604,0.071504
all_days,stereo_baseline,13,kf,rpe,1.371032,0.036934,0.007837,0.000125,0.099640,7.456081,0.092542
all_days,stereo_baseline,14,cam,ape,0.717671,0.147130,0.120138,0.006220,0.176293,59.951912,0.097118
all_days,stereo_baseline,14,kf,ape,0.504556,0.142397,0.123733,0.006929,0.169260,20.684524,0.091499
all_days,stereo_baseline,14,cam,rpe,0.628798,0.028304,0.010449,0.000046,0.064015,7.900697,0.057418
all_days,stereo_baseline,14,kf,rpe,0.603958,0.036104,0.008394,0.000041,0.079335,4.538003,0.070644
all_days,stereo_baseline,15,cam,ape,0.724101,0.161618,0.138666,0.003897,0.192148,70.961894,0.103925
all_days,stereo_baseline,15,kf,ape,0.706671,0.175516,0.156640,0.013586,0.206539,30.799265,0.108869
all_days,stereo_baseline,15,cam,rpe,0.578474,0.029306,0.009968,0.000162,0.068733,9.075184,0.062172
all_days,stereo_baseline,15,kf,rpe,0.548923,0.040508,0.008123,0.000183,0.090341,5.884405,0.080750
all_days,stereo_vbee,1,cam,ape,1.561764,0.170843,0.147943,0.009094,0.212784,86.841674,0.126845
all_days,stereo_vbee,1,kf,ape,1.007536,0.174236,0.172096,0.011366,0.209263,29.296273,0.115900
all_days,stereo_vbee,1,cam,rpe,1.752507,0.034909,0.011806,0.000218,0.094136,16.987830,0.087425
all_days,stereo_vbee,1,kf,rpe,1.158646,0.043111,0.010264,0.000246,0.102617,7.034219,0.093122
all_days,stereo_vbee,2,cam,ape,1.735730,0.196419,0.167567,0.011650,0.251780,122.284972,0.157520
all_days,stereo_vbee,2,kf,ape,1.456584,0.223855,0.183211,0.027622,0.281365,58.899677,0.170456
all_days,stereo_vbee,2,cam,rpe,2.685331,0.036880,0.012298,0.000057,0.113535,24.852083,0.107378
all_days,stereo_vbee,2,kf,rpe,2.778015,0.049991,0.011487,0.000161,0.171543,21.864304,0.164097
all_days,stereo_vbee,3,cam,ape,1.351246,0.164402,0.124084,0.004484,0.212107,86.829571,0.134020
all_days,stereo_vbee,3,kf,ape,1.335199,0.174010,0.128692,0.014597,0.222252,36.849485,0.138263
all_days,stereo_vbee,3,cam,rpe,1.436777,0.036794,0.012290,0.000057,0.101859,20.013855,0.094981
all_days,stereo_vbee,3,kf,rpe,1.737350,0.047107,0.011955,0.000130,0.129391,12.472893,0.120512
all_days,stereo_vbee,4,cam,ape,1.876969,0.190172,0.147274,0.006008,0.252550,122.716028,0.166182
all_days,stereo_vbee,4,kf,ape,1.883274,0.177517,0.134846,0.024668,0.240262,39.311170,0.161905
all_days,stereo_vbee,4,cam,rpe,1.460689,0.042241,0.012795,0.000142,0.116327,26.021916,0.108387
all_days,stereo_vbee,4,kf,rpe,1.458498,0.049720,0.011326,0.000176,0.124055,10.464881,0.113655
all_days,stereo_vbee,5,cam,ape,0.788489,0.145009,0.103767,0.003545,0.185888,66.171282,0.116304
all_days,stereo_vbee,5,kf,ape,0.784502,0.138779,0.100226,0.008939,0.173076,21.777438,0.103419
all_days,stereo_vbee,5,cam,rpe,0.880643,0.034375,0.012159,0.000091,0.081436,12.693180,0.073825
all_days,stereo_vbee,5,kf,rpe,0.884493,0.043804,0.010739,0.000174,0.099227,7.148143,0.089034
all_days,stereo_vbee,6,cam,ape,1.213978,0.191532,0.165997,0.002629,0.236276,107.130500,0.138353
all_days,stereo_vbee,6,kf,ape,1.243376,0.176596,0.161111,0.006532,0.210472,29.812980,0.114510
all_days,stereo_vbee,6,cam,rpe,0.851353,0.034065,0.011972,0.000078,0.080104,12.307246,0.072500
all_days,stereo_vbee,6,kf,rpe,0.616850,0.042264,0.010478,0.000088,0.097287,6.360368,0.087627
all_days,stereo_vbee,7,cam,ape,1.220931,0.204568,0.170409,0.011353,0.251457,121.339646,0.146228
all_days,stereo_vbee,7,kf,ape,1.051357,0.211603,0.191981,0.013994,0.254735,46.915525,0.141825
all_days,stereo_vbee,7,cam,rpe,1.294183,0.035863,0.012368,0.000395,0.092042,16.248878,0.084768
all_days,stereo_vbee,7,kf,rpe,1.077037,0.044568,0.010161,0.000589,0.103670,7.759691,0.093601
all_days,stereo_vbee,8,cam,ape,1.185918,0.170660,0.129421,0.014138,0.215800,89.925681,0.132078
all_days,stereo_vbee,8,kf,ape,0.760602,0.166482,0.141338,0.038418,0.190863,26.738659,0.093340
all_days,stereo_vbee,8,cam,rpe,1.097159,0.033444,0.012651,0.000249,0.078788,11.980618,0.071338
all_days,stereo_vbee,8,kf,rpe,0.779124,0.038773,0.009564,0.000218,0.091078,6.080442,0.082413
all_days,stereo_vbee,9,cam,ape,1.053135,0.206299,0.167127,0.001285,0.253675,123.489905,0.147621
all_days,stereo_vbee,9,kf,ape,0.903274,0.216555,0.187229,0.011599,0.262633,49.111012,0.148594
all_days,stereo_vbee,9,cam,rpe,1.054684,0.038813,0.013330,0.000221,0.094831,17.248588,0.086525
all_days,stereo_vbee,9,kf,rpe,1.051677,0.057186,0.012733,0.000142,0.137698,13.481177,0.125262
all_days,stereo_vbee,10,cam,ape,1.005666,0.140651,0.117461,0.001637,0.181245,63.071790,0.114312
all_days,stereo_vbee,10,kf,ape,0.749006,0.133741,0.114613,0.005825,0.163656,19.364419,0.094323
all_days,stereo_vbee,10,cam,rpe,1.034401,0.030741,0.011688,0.000139,0.070961,9.663066,0.063957
all_days,stereo_vbee,10,kf,rpe,0.831165,0.035579,0.010034,0.000172,0.075521,4.117914,0.066616
all_days,stereo_vbee,11,cam,ape,1.123166,0.175905,0.134687,0.013662,0.213270,87.466013,0.120589
all_days,stereo_vbee,11,kf,ape,0.616199,0.167162,0.128477,0.011454,0.202363,30.098895,0.114052
all_days,stereo_vbee,11,cam,rpe,1.114531,0.035537,0.012417,0.000214,0.089429,15.371319,0.082065
all_days,stereo_vbee,11,kf,rpe,0.563906,0.041138,0.010730,0.000229,0.086197,5.453536,0.075746
all_days,stereo_vbee,12,cam,ape,1.026540,0.209356,0.153708,0.006910,0.259980,130.245278,0.154142
all_days,stereo_vbee,12,kf,ape,0.987854,0.220039,0.165964,0.027088,0.268840,50.375613,0.154460
all_days,stereo_vbee,12,cam,rpe,0.618176,0.035912,0.012369,0.000194,0.080663,12.531582,0.072228
all_days,stereo_vbee,12,kf,rpe,1.424855,0.046987,0.009946,0.000161,0.116726,9.482990,0.106851
all_days,stereo_vbee,13,cam,ape,1.969841,0.185675,0.136897,0.014587,0.248111,118.132307,0.164572
all_days,stereo_vbee,13,kf,ape,1.934122,0.203406,0.155773,0.018353,0.274227,55.197015,0.183919
all_days,stereo_vbee,13,cam,rpe,2.231454,0.040983,0.012441,0.000223,0.123573,29.288492,0.116579
all_days,stereo_vbee,13,kf,rpe,2.223617,0.052678,0.010662,0.000184,0.164769,19.900107,0.156122
all_days,stereo_vbee,14,cam,ape,0.706209,0.174659,0.147752,0.005268,0.206630,82.403538,0.110410
all_days,stereo_vbee,14,kf,ape,0.652522,0.185862,0.161082,0.030476,0.217151,33.951397,0.112294
all_days,stereo_vbee,14,cam,rpe,0.657062,0.034595,0.011904,0.000137,0.081020,12.662431,0.073263
all_days,stereo_vbee,14,kf,rpe,0.654420,0.041851,0.010864,0.000202,0.095836,6.603664,0.086215
all_days,stereo_vbee,15,cam,ape,1.594815,0.150815,0.121581,0.009447,0.183357,64.751835,0.104282
all_days,stereo_vbee,15,kf,ape,0.530090,0.150694,0.125830,0.018812,0.177536,22.031898,0.093864
all_days,stereo_vbee,15,cam,rpe,1.336662,0.035954,0.012526,0.000112,0.086168,14.293018,0.078309
all_days,stereo_vbee,15,kf,rpe,0.630385,0.039296,0.011113,0.000259,0.082762,4.780993,0.072838
all_days,stereo_vbee_ransac,1,cam,ape,0.756276,0.229495,0.196923,0.014714,0.267830,138.444789,0.138076
all_days,stereo_vbee_ransac,1,kf,ape,0.731311,0.239319,0.211344,0.037008,0.275992,55.986246,0.137470
all_days,stereo_vbee_ransac,1,cam,rpe,0.600848,0.035943,0.012191,0.000252,0.082766,13.214015,0.074554
all_days,stereo_vbee_ransac,1,kf,rpe,0.853131,0.044532,0.011899,0.000436,0.097927,7.038888,0.087216
all_days,stereo_vbee_ransac,2,cam,ape,1.210810,0.125516,0.098078,0.003050,0.157443,47.742044,0.095047
all_days,stereo_vbee_ransac,2,kf,ape,0.690389,0.127698,0.099860,0.004343,0.157616,18.085574,0.092390
all_days,stereo_vbee_ransac,2,cam,rpe,1.215632,0.033664,0.012381,0.000031,0.082188,13.003249,0.074978
all_days,stereo_vbee_ransac,2,kf,rpe,0.704973,0.041302,0.011369,0.000034,0.092397,6.206506,0.082652
all_days,stereo_vbee_ransac,3,cam,ape,2.814410,0.176975,0.126897,0.003231,0.251448,121.710159,0.178622
all_days,stereo_vbee_ransac,3,kf,ape,1.548544,0.178536,0.135559,0.010034,0.235444,38.970100,0.153488
all_days,stereo_vbee_ransac,3,cam,rpe,2.002420,0.039973,0.011740,0.000210,0.120241,27.816993,0.113402
all_days,stereo_vbee_ransac,3,kf,rpe,1.594338,0.052737,0.011165,0.000300,0.151239,16.057026,0.141747
all_days,stereo_vbee_ransac,4,cam,ape,1.072994,0.170401,0.132870,0.006460,0.213709,87.918061,0.128978
all_days,stereo_vbee_ransac,4,kf,ape,0.540503,0.137612,0.112580,0.008797,0.169012,17.538947,0.098123
all_days,stereo_vbee_ransac,4,cam,rpe,0.993576,0.036434,0.012581,0.000112,0.086621,14.436136,0.078586
all_days,stereo_vbee_ransac,4,kf,rpe,0.769809,0.038189,0.009872,0.000166,0.078742,3.800788,0.068861
all_days,stereo_vbee_ransac,5,cam,ape,0.838649,0.164299,0.124229,0.019290,0.204920,80.793233,0.122467
all_days,stereo_vbee_ransac,5,kf,ape,0.830716,0.167174,0.125026,0.020545,0.211012,31.568970,0.128759
all_days,stereo_vbee_ransac,5,cam,rpe,1.218915,0.032874,0.011690,0.000230,0.080690,12.520562,0.073690
all_days,stereo_vbee_ransac,5,kf,rpe,1.242403,0.044449,0.010408,0.000258,0.110995,8.722558,0.101707
all_days,stereo_vbee_ransac,6,cam,ape,1.297877,0.173064,0.148551,0.007039,0.224907,97.625336,0.143638
all_days,stereo_vbee_ransac,6,kf,ape,1.260868,0.191141,0.152222,0.023299,0.258491,48.309222,0.174020
all_days,stereo_vbee_ransac,6,cam,rpe,1.751072,0.031249,0.011229,0.000145,0.080225,12.415038,0.073888
all_days,stereo_vbee_ransac,6,kf,rpe,1.718821,0.039396,0.009526,0.000161,0.112373,9.117198,0.105241
all_days,stereo_vbee_ransac,7,cam,ape,1.056158,0.168295,0.144001,0.008617,0.200016,77.092332,0.108088
all_days,stereo_vbee_ransac,7,kf,ape,0.736222,0.174453,0.144306,0.012378,0.202393,29.903000,0.102611
all_days,stereo_vbee_ransac,7,cam,rpe,1.006596,0.033117,0.011996,0.000130,0.077963,11.706615,0.070580
all_days,stereo_vbee_ransac,7,kf,rpe,0.723336,0.040920,0.009264,0.000224,0.097962,6.995857,0.089006
all_days,stereo_vbee_ransac,8,cam,ape,1.322219,0.166037,0.147074,0.004481,0.198664,75.895632,0.109082
all_days,stereo_vbee_ransac,8,kf,ape,0.785768,0.160106,0.145321,0.010430,0.186878,24.306732,0.096382
all_days,stereo_vbee_ransac,8,cam,rpe,1.870301,0.036040,0.012260,0.000186,0.094599,17.199930,0.087465
all_days,stereo_vbee_ransac,8,kf,rpe,0.580741,0.044705,0.011685,0.000207,0.096432,6.462866,0.085443
all_days,stereo_vbee_ransac,9,cam,ape,2.523620,0.192338,0.170953,0.009499,0.238728,109.593643,0.141411
all_days,stereo_vbee_ransac,9,kf,ape,0.661675,0.197893,0.183315,0.017558,0.225456,33.548031,0.108022
all_days,stereo_vbee_ransac,9,cam,rpe,3.155846,0.037815,0.012661,0.000055,0.115892,25.814343,0.109549
all_days,stereo_vbee_ransac,9,kf,rpe,1.039707,0.046894,0.011505,0.000467,0.110698,8.075379,0.100274
all_days,stereo_vbee_ransac,10,cam,ape,1.375748,0.233012,0.162616,0.006567,0.296764,169.355940,0.183777
all_days,stereo_vbee_ransac,10,kf,ape,0.934242,0.210736,0.141966,0.010333,0.275148,53.827102,0.176908
all_days,stereo_vbee_ransac,10,cam,rpe,1.259167,0.035232,0.011097,0.000191,0.087582,14.743028,0.080184
all_days,stereo_vbee_ransac,10,kf,rpe,0.952811,0.044260,0.011678,0.000178,0.098159,6.841016,0.087614
all_days,stereo_vbee_ransac,11,cam,ape,0.904950,0.171129,0.139724,0.009296,0.212556,85.525756,0.126074
all_days,stereo_vbee_ransac,11,kf,ape,0.764199,0.176860,0.141644,0.005093,0.218004,31.889819,0.127461
all_days,stereo_vbee_ransac,11,cam,rpe,0.962357,0.037893,0.011982,0.000178,0.092835,16.305739,0.084749
all_days,stereo_vbee_ransac,11,kf,rpe,0.847085,0.044760,0.010227,0.000138,0.104390,7.301126,0.094307
all_days,stereo_vbee_ransac,12,cam,ape,0.607822,0.151007,0.137987,0.006968,0.175290,59.148496,0.089013
all_days,stereo_vbee_ransac,12,kf,ape,0.554269,0.158816,0.144659,0.015337,0.181750,24.973062,0.088377
all_days,stereo_vbee_ransac,12,cam,rpe,0.560030,0.031093,0.012533,0.000147,0.065461,8.244660,0.057606
all_days,stereo_vbee_ransac,12,kf,rpe,0.576378,0.037315,0.010087,0.000137,0.078578,4.661768,0.069153
all_days,stereo_vbee_ransac,13,cam,ape,0.823699,0.194875,0.147285,0.008939,0.235538,106.462249,0.132294
all_days,stereo_vbee_ransac,13,kf,ape,0.789336,0.217777,0.165401,0.023212,0.259010,49.576602,0.140211
all_days,stereo_vbee_ransac,13,cam,rpe,0.781778,0.035293,0.012024,0.000168,0.082028,12.905362,0.074047
all_days,stereo_vbee_ransac,13,kf,rpe,1.001380,0.042152,0.010260,0.000222,0.095134,6.679225,0.085286
all_days,stereo_vbee_ransac,14,cam,ape,0.718898,0.187025,0.162986,0.021175,0.223633,96.222955,0.122611
all_days,stereo_vbee_ransac,14,kf,ape,0.670762,0.182825,0.167626,0.010415,0.217954,33.110363,0.118655
all_days,stereo_vbee_ransac,14,cam,rpe,0.592558,0.035786,0.012854,0.000088,0.076601,11.283485,0.067728
all_days,stereo_vbee_ransac,14,kf,rpe,0.650891,0.041558,0.011001,0.000091,0.090264,5.670731,0.080128
all_days,stereo_vbee_ransac,15,cam,ape,0.977763,0.221477,0.180417,0.010678,0.274206,144.587788,0.161668
all_days,stereo_vbee_ransac,15,kf,ape,0.930874,0.244493,0.197419,0.015870,0.298810,64.733582,0.171788
all_days,stereo_vbee_ransac,15,cam,rpe,1.188230,0.036977,0.012348,0.000134,0.093034,16.635376,0.085370
all_days,stereo_vbee_ransac,15,kf,rpe,1.428229,0.054424,0.013407,0.000108,0.135895,13.370517,0.124522
all_machine_halls,stereo_baseline,1,cam,ape,0.193304,0.055026,0.046344,0.001731,0.063125,53.539373,0.030933
all_machine_halls,stereo_baseline,1,kf,ape,0.178436,0.065435,0.058522,0.007937,0.073526,4.103157,0.033530
all_machine_halls,stereo_baseline,1,cam,rpe,0.451319,0.038579,0.029898,0.000000,0.052646,37.237134,0.035823
all_machine_halls,stereo_baseline,1,kf,rpe,9.629336,0.597344,0.424669,0.000598,0.955646,692.249907,0.745948
all_machine_halls,stereo_baseline,2,cam,ape,0.147255,0.048893,0.051786,0.001710,0.052851,37.532757,0.020068
all_machine_halls,stereo_baseline,2,kf,ape,0.145754,0.053885,0.054200,0.005172,0.058196,2.492651,0.021982
all_machine_halls,stereo_baseline,2,cam,rpe,0.455717,0.038566,0.030040,0.000012,0.052606,37.182547,0.035777
all_machine_halls,stereo_baseline,2,kf,rpe,5.795547,0.622062,0.429973,0.002344,0.924658,628.419199,0.684128
all_machine_halls,stereo_baseline,3,cam,ape,0.238800,0.060039,0.054183,0.001390,0.070033,65.902716,0.036054
all_machine_halls,stereo_baseline,3,kf,ape,0.216360,0.075979,0.071016,0.005990,0.085667,5.482062,0.039573
all_machine_halls,stereo_baseline,3,cam,rpe,0.476956,0.038756,0.029952,0.000000,0.052900,37.599590,0.036005
all_machine_halls,stereo_baseline,3,kf,rpe,6.434830,0.607730,0.427557,0.002159,0.914462,623.835322,0.683304
all_machine_halls,stereo_baseline,4,cam,ape,0.213240,0.047487,0.047676,0.000993,0.052157,36.569356,0.021571
all_machine_halls,stereo_baseline,4,kf,ape,0.145278,0.054878,0.053678,0.002657,0.059605,2.650335,0.023263
all_machine_halls,stereo_baseline,4,cam,rpe,0.365886,0.038629,0.029955,0.000004,0.052670,37.290181,0.035805
all_machine_halls,stereo_baseline,4,kf,rpe,6.351555,0.613034,0.433110,0.002214,0.944419,664.486315,0.718413
all_machine_halls,stereo_baseline,5,cam,ape,0.165810,0.051027,0.054766,0.001149,0.055302,41.100924,0.021320
all_machine_halls,stereo_baseline,5,kf,ape,0.153077,0.057091,0.056672,0.004785,0.061904,2.927726,0.023931
all_machine_halls,stereo_baseline,5,cam,rpe,0.428354,0.038573,0.029944,0.000007,0.052621,37.209358,0.035793
all_machine_halls,stereo_baseline,5,kf,rpe,5.846952,0.604063,0.422880,0.002313,0.914270,637.783640,0.686292
all_machine_halls,stereo_baseline,6,cam,ape,0.183891,0.050676,0.047630,0.001741,0.056240,42.519875,0.024391
all_machine_halls,stereo_baseline,6,kf,ape,0.169230,0.056563,0.052949,0.007303,0.062862,3.050703,0.027429
all_machine_halls,stereo_baseline,6,cam,rpe,0.345882,0.038780,0.030250,0.000000,0.052745,37.395749,0.035750
all_machine_halls,stereo_baseline,6,kf,rpe,5.575215,0.586662,0.414403,0.000243,0.875098,590.428772,0.649326
all_machine_halls,stereo_baseline,7,cam,ape,0.486122,0.053892,0.054210,0.000916,0.062543,52.571462,0.031737
all_machine_halls,stereo_baseline,7,kf,ape,0.476846,0.059761,0.055564,0.005729,0.072322,3.881063,0.040732
all_machine_halls,stereo_baseline,7,cam,rpe,0.592627,0.038667,0.029920,0.000015,0.052875,37.572626,0.036064
all_machine_halls,stereo_baseline,7,kf,rpe,9.753194,0.623950,0.415035,0.000386,1.006752,751.040942,0.790087
all_machine_halls,stereo_baseline,8,cam,ape,0.239266,0.052351,0.051146,0.000910,0.057016,43.678367,0.022589
all_machine_halls,stereo_baseline,8,kf,ape,0.159045,0.056203,0.052529,0.003121,0.061866,2.885900,0.025858
all_machine_halls,stereo_baseline,8,cam,rpe,0.448910,0.038682,0.030026,0.000000,0.052724,37.346986,0.035827
all_machine_halls,stereo_baseline,8,kf,rpe,10.905555,0.603428,0.449740,0.000683,0.924334,643.358284,0.700192
all_machine_halls,stereo_baseline,9,cam,ape,0.287994,0.048193,0.047126,0.001489,0.052419,36.929982,0.020620
all_machine_halls,stereo_baseline,9,kf,ape,0.162430,0.055180,0.054798,0.002912,0.060864,2.767167,0.025682
all_machine_halls,stereo_baseline,9,cam,rpe,0.406783,0.038587,0.029904,0.000013,0.052708,37.335015,0.035905
all_machine_halls,stereo_baseline,9,kf,rpe,10.921962,0.609673,0.442024,0.000499,0.956903,683.084539,0.737538
all_machine_halls,stereo_baseline,10,cam,ape,0.193726,0.049845,0.050391,0.000760,0.055170,40.901554,0.023647
all_machine_halls,stereo_baseline,10,kf,ape,0.180442,0.058940,0.057922,0.003798,0.065985,3.243703,0.029666
all_machine_halls,stereo_baseline,10,cam,rpe,0.400545,0.038620,0.029885,0.000019,0.052652,37.250380,0.035788
all_machine_halls,stereo_baseline,10,kf,rpe,5.053604,0.606825,0.432263,0.002090,0.884105,581.541050,0.642966
all_machine_halls,stereo_baseline,11,cam,ape,1.115582,0.049071,0.047184,0.001382,0.054354,39.698235,0.023376
all_machine_halls,stereo_baseline,11,kf,ape,0.150414,0.054133,0.054443,0.004349,0.059962,2.685753,0.025788
all_machine_halls,stereo_baseline,11,cam,rpe,1.163769,0.038780,0.029998,0.000010,0.054511,39.924667,0.038309
all_machine_halls,stereo_baseline,11,kf,rpe,6.016001,0.613235,0.441580,0.000550,0.903229,608.603717,0.663149
all_machine_halls,stereo_baseline,12,cam,ape,0.197889,0.051665,0.048806,0.001002,0.057345,44.199950,0.024883
all_machine_halls,stereo_baseline,12,kf,ape,0.174828,0.057077,0.052868,0.007420,0.064479,3.147226,0.029995
all_machine_halls,stereo_baseline,12,cam,rpe,0.378280,0.038608,0.029920,0.000013,0.052666,37.278873,0.035821
all_machine_halls,stereo_baseline,12,kf,rpe,4.919164,0.602449,0.452122,0.001032,0.862333,562.175115,0.616987
all_machine_halls,stereo_baseline,13,cam,ape,0.148818,0.045751,0.044133,0.001945,0.049655,33.133626,0.019300
all_machine_halls,stereo_baseline,13,kf,ape,0.157767,0.051530,0.051012,0.004419,0.056484,2.402404,0.023133
all_machine_halls,stereo_baseline,13,cam,rpe,0.457089,0.038561,0.029680,0.000012,0.052583,37.152520,0.035749
all_machine_halls,stereo_baseline,13,kf,rpe,10.783173,0.602435,0.443798,0.001208,0.921995,639.255567,0.697959
all_machine_halls,stereo_baseline,14,cam,ape,0.178635,0.046486,0.043507,0.000476,0.051385,35.479764,0.021899
all_machine_halls,stereo_baseline,14,kf,ape,0.172627,0.056468,0.051610,0.003861,0.063113,3.059162,0.028189
all_machine_halls,stereo_baseline,14,cam,rpe,0.454578,0.038538,0.029783,0.000016,0.052584,37.151922,0.035776
all_machine_halls,stereo_baseline,14,kf,rpe,5.639539,0.596744,0.405666,0.000232,0.878694,592.203299,0.644981
all_machine_halls,stereo_baseline,15,cam,ape,0.200935,0.049533,0.048446,0.001457,0.055753,41.774066,0.025591
all_machine_halls,stereo_baseline,15,kf,ape,0.195273,0.060050,0.054075,0.004206,0.068148,3.566700,0.032220
all_machine_halls,stereo_baseline,15,cam,rpe,0.389340,0.038639,0.029880,0.000019,0.052695,37.313482,0.035829
all_machine_halls,stereo_baseline,15,kf,rpe,9.584431,0.594417,0.426755,0.000813,0.901736,623.669230,0.678083
all_machine_halls,stereo_vbee,1,cam,ape,0.207057,0.048880,0.047960,0.000669,0.053416,38.350833,0.021541
all_machine_halls,stereo_vbee,1,kf,ape,0.210423,0.055030,0.051218,0.004053,0.060775,2.755405,0.025792
all_machine_halls,stereo_vbee,1,cam,rpe,0.384749,0.038562,0.029870,0.000019,0.052564,37.134458,0.035721
all_machine_halls,stereo_vbee,1,kf,rpe,5.063438,0.613736,0.416458,0.001924,0.930996,645.730873,0.700058
all_machine_halls,stereo_vbee,2,cam,ape,0.250226,0.063035,0.053616,0.000995,0.076080,77.759152,0.042601
all_machine_halls,stereo_vbee,2,kf,ape,0.204237,0.083984,0.077634,0.005142,0.094960,6.844234,0.044318
all_machine_halls,stereo_vbee,2,cam,rpe,0.474116,0.038782,0.030074,0.000000,0.052902,37.594226,0.035981
all_machine_halls,stereo_vbee,2,kf,rpe,6.114392,0.595667,0.424569,0.001214,0.897289,610.286525,0.671050
all_machine_halls,stereo_vbee,3,cam,ape,0.161425,0.046147,0.044661,0.001572,0.050400,34.258863,0.020263
all_machine_halls,stereo_vbee,3,kf,ape,0.165354,0.050854,0.050408,0.003703,0.055924,2.308055,0.023266
all_machine_halls,stereo_vbee,3,cam,rpe,0.386072,0.038393,0.029759,0.000000,0.052449,37.098492,0.035734
all_machine_halls,stereo_vbee,3,kf,rpe,10.906568,0.620264,0.441462,0.000947,0.955130,672.345053,0.726323
all_machine_halls,stereo_vbee,4,cam,ape,0.147629,0.050354,0.051893,0.000673,0.054461,39.889956,0.020748
all_machine_halls,stereo_vbee,4,kf,ape,0.157587,0.054570,0.053526,0.005558,0.059443,2.593606,0.023572
all_machine_halls,stereo_vbee,4,cam,rpe,0.284858,0.038545,0.029871,0.000015,0.052490,37.051444,0.035629
all_machine_halls,stereo_vbee,4,kf,rpe,6.372500,0.617577,0.428570,0.002326,0.907453,603.604639,0.664884
all_machine_halls,stereo_vbee,5,cam,ape,0.312186,0.073262,0.061479,0.002269,0.089800,108.371935,0.051929
all_machine_halls,stereo_vbee,5,kf,ape,0.249572,0.096921,0.087686,0.007088,0.108966,8.940802,0.049798
all_machine_halls,stereo_vbee,5,cam,rpe,0.427056,0.038619,0.029982,0.000000,0.052692,37.310102,0.035847
all_machine_halls,stereo_vbee,5,kf,rpe,7.082397,0.610300,0.430301,0.001747,0.912524,626.189928,0.678405
all_machine_halls,stereo_vbee,6,cam,ape,0.181540,0.048719,0.050292,0.000936,0.053139,37.945039,0.021216
all_machine_halls,stereo_vbee,6,kf,ape,0.154356,0.055730,0.053780,0.003444,0.060958,2.779439,0.024698
all_machine_halls,stereo_vbee,6,cam,rpe,0.449160,0.038603,0.029879,0.000000,0.052733,37.365613,0.035925
all_machine_halls,stereo_vbee,6,kf,rpe,10.775120,0.611070,0.428846,0.001318,0.959619,687.889477,0.739908
all_machine_halls,stereo_vbee,7,cam,ape,0.244686,0.051531,0.053966,0.001018,0.055788,41.822950,0.021374
all_machine_halls,stereo_vbee,7,kf,ape,0.140636,0.055526,0.056492,0.003499,0.060262,2.647350,0.023417
all_machine_halls,stereo_vbee,7,cam,rpe,0.408314,0.038583,0.029881,0.000000,0.052591,37.163847,0.035737
all_machine_halls,stereo_vbee,7,kf,rpe,9.840801,0.640185,0.438109,0.000829,1.026738,767.450438,0.802716
all_machine_halls,stereo_vbee,8,cam,ape,0.181742,0.048992,0.047278,0.001350,0.054103,39.343994,0.022954
all_machine_halls,stereo_vbee,8,kf,ape,0.181657,0.057151,0.053269,0.002460,0.064072,3.128223,0.028966
all_machine_halls,stereo_vbee,8,cam,rpe,0.358629,0.038620,0.030034,0.000011,0.052640,37.242346,0.035770
all_machine_halls,stereo_vbee,8,kf,rpe,5.522937,0.600707,0.440635,0.000654,0.865195,569.656632,0.622667
all_machine_halls,stereo_vbee,9,cam,ape,0.308674,0.071738,0.064058,0.000814,0.089132,106.798346,0.052898
all_machine_halls,stereo_vbee,9,kf,ape,0.242427,0.093220,0.088562,0.002285,0.105314,8.340435,0.049000
all_machine_halls,stereo_vbee,9,cam,rpe,0.369372,0.038685,0.029933,0.000000,0.052730,37.374492,0.035832
all_machine_halls,stereo_vbee,9,kf,rpe,6.433591,0.613008,0.440565,0.002240,0.906548,617.194401,0.667870
all_machine_halls,stereo_vbee,10,cam,ape,0.165241,0.050646,0.053104,0.001861,0.054800,40.408759,0.020928
all_machine_halls,stereo_vbee,10,kf,ape,0.158907,0.055778,0.054718,0.001938,0.060440,2.801817,0.023276
all_machine_halls,stereo_vbee,10,cam,rpe,0.446293,0.038538,0.029997,0.000000,0.052553,37.160097,0.035730
all_machine_halls,stereo_vbee,10,kf,rpe,6.706759,0.592602,0.392842,0.001267,0.901783,622.921132,0.679732
all_machine_halls,stereo_vbee,11,cam,ape,0.178080,0.047074,0.048809,0.001386,0.050818,34.714087,0.019144
all_machine_halls,stereo_vbee,11,kf,ape,0.152065,0.051528,0.052240,0.003500,0.056229,2.409181,0.022507
all_machine_halls,stereo_vbee,11,cam,rpe,0.407397,0.038666,0.030111,0.000000,0.052692,37.318518,0.035796
all_machine_halls,stereo_vbee,11,kf,rpe,6.309351,0.594951,0.411843,0.000593,0.869871,575.829918,0.634593
all_machine_halls,stereo_vbee,12,cam,ape,0.396802,0.046924,0.044203,0.001866,0.051870,36.166191,0.022106
all_machine_halls,stereo_vbee,12,kf,ape,0.157561,0.052902,0.050957,0.003005,0.058961,2.635104,0.026033
all_machine_halls,stereo_vbee,12,cam,rpe,0.471363,0.038718,0.030010,0.000012,0.052873,37.575663,0.036007
all_machine_halls,stereo_vbee,12,kf,rpe,10.977171,0.606957,0.434686,0.000934,0.938771,667.137455,0.716167
all_machine_halls,stereo_vbee,13,cam,ape,0.147560,0.048657,0.049325,0.001087,0.052678,37.289535,0.020185
all_machine_halls,stereo_vbee,13,kf,ape,0.130689,0.053097,0.052188,0.002400,0.057911,2.585714,0.023118
all_machine_halls,stereo_vbee,13,cam,rpe,0.466638,0.038636,0.030006,0.000000,0.052696,37.313252,0.035836
all_machine_halls,stereo_vbee,13,kf,rpe,7.203220,0.608059,0.415744,0.000463,0.952031,697.898862,0.732548
all_machine_halls,stereo_vbee,14,cam,ape,0.155462,0.047885,0.045179,0.001212,0.052415,36.943986,0.021317
all_machine_halls,stereo_vbee,14,kf,ape,0.157071,0.052856,0.052317,0.004271,0.058617,2.655973,0.025342
all_machine_halls,stereo_vbee,14,cam,rpe,0.413928,0.038670,0.029966,0.000000,0.052730,37.386282,0.035849
all_machine_halls,stereo_vbee,14,kf,rpe,4.875404,0.591743,0.441296,0.004299,0.838542,542.833303,0.594131
all_machine_halls,stereo_vbee,15,cam,ape,0.407896,0.055215,0.052823,0.001454,0.060486,49.171681,0.024696
all_machine_halls,stereo_vbee,15,kf,ape,0.154812,0.060140,0.057571,0.002197,0.065550,3.424575,0.026076
all_machine_halls,stereo_vbee,15,cam,rpe,0.457500,0.038703,0.029889,0.000012,0.052941,37.665583,0.036122
all_machine_halls,stereo_vbee,15,kf,rpe,4.562355,0.565896,0.413190,0.000782,0.795759,504.052393,0.559458
all_machine_halls,stereo_vbee_ransac,1,cam,ape,0.153778,0.052943,0.052502,0.001037,0.057516,44.450084,0.022475
all_machine_halls,stereo_vbee_ransac,1,kf,ape,0.145026,0.057136,0.054283,0.001898,0.062705,2.901773,0.025834
all_machine_halls,stereo_vbee_ransac,1,cam,rpe,0.454767,0.038506,0.029760,0.000012,0.052554,37.108621,0.035765
all_machine_halls,stereo_vbee_ransac,1,kf,rpe,6.948109,0.617649,0.457995,0.000718,0.913902,615.554718,0.673592
all_machine_halls,stereo_vbee_ransac,2,cam,ape,0.263066,0.046508,0.046727,0.001463,0.050353,34.086704,0.019298
all_machine_halls,stereo_vbee_ransac,2,kf,ape,0.155141,0.052473,0.052760,0.003936,0.056808,2.371936,0.021765
all_machine_halls,stereo_vbee_ransac,2,cam,rpe,0.398688,0.038540,0.029838,0.000000,0.052650,37.263779,0.035870
all_machine_halls,stereo_vbee_ransac,2,kf,rpe,9.664945,0.630306,0.446661,0.000914,0.994752,726.316683,0.769576
all_machine_halls,stereo_vbee_ransac,3,cam,ape,0.218355,0.047921,0.047866,0.003983,0.052022,36.366535,0.020245
all_machine_halls,stereo_vbee_ransac,3,kf,ape,0.144060,0.052732,0.051998,0.004734,0.057356,2.493561,0.022561
all_machine_halls,stereo_vbee_ransac,3,cam,rpe,0.428052,0.038596,0.029937,0.000011,0.052645,37.240096,0.035802
all_machine_halls,stereo_vbee_ransac,3,kf,rpe,6.026217,0.595538,0.414131,0.000790,0.885620,593.732517,0.655483
all_machine_halls,stereo_vbee_ransac,4,cam,ape,0.495955,0.047790,0.048386,0.000955,0.052016,36.355853,0.020537
all_machine_halls,stereo_vbee_ransac,4,kf,ape,0.152785,0.052463,0.049349,0.005475,0.056994,2.400512,0.022270
all_machine_halls,stereo_vbee_ransac,4,cam,rpe,0.406853,0.038668,0.029846,0.000012,0.052860,37.543247,0.036042
all_machine_halls,stereo_vbee_ransac,4,kf,rpe,7.916253,0.622805,0.409345,0.002726,0.987750,720.030400,0.766658
all_machine_halls,stereo_vbee_ransac,5,cam,ape,0.183634,0.049692,0.051110,0.001249,0.054253,39.568406,0.021773
all_machine_halls,stereo_vbee_ransac,5,kf,ape,0.152445,0.054662,0.055632,0.003898,0.059802,2.710809,0.024255
all_machine_halls,stereo_vbee_ransac,5,cam,rpe,0.382228,0.038602,0.029900,0.000015,0.052593,37.181243,0.035721
all_machine_halls,stereo_vbee_ransac,5,kf,rpe,6.244114,0.598790,0.418938,0.001873,0.895936,607.645562,0.666448
all_machine_halls,stereo_vbee_ransac,6,cam,ape,0.226445,0.048555,0.045931,0.000606,0.053416,38.350518,0.022264
all_machine_halls,stereo_vbee_ransac,6,kf,ape,0.167485,0.055148,0.053071,0.003236,0.061081,2.757166,0.026262
all_machine_halls,stereo_vbee_ransac,6,cam,rpe,0.437565,0.038601,0.030004,0.000000,0.052672,37.287007,0.035837
all_machine_halls,stereo_vbee_ransac,6,kf,rpe,7.107478,0.607944,0.404520,0.000777,0.927777,635.248688,0.700839
all_machine_halls,stereo_vbee_ransac,7,cam,ape,0.154703,0.047597,0.049824,0.000871,0.051440,35.562967,0.019509
all_machine_halls,stereo_vbee_ransac,7,kf,ape,0.160206,0.053535,0.053569,0.004124,0.058223,2.613660,0.022890
all_machine_halls,stereo_vbee_ransac,7,cam,rpe,0.397897,0.038581,0.029828,0.000021,0.052585,37.161143,0.035731
all_machine_halls,stereo_vbee_ransac,7,kf,rpe,5.669862,0.586088,0.409470,0.000826,0.871604,584.963725,0.645131
all_machine_halls,stereo_vbee_ransac,8,cam,ape,0.175108,0.052371,0.052053,0.000869,0.057215,43.993652,0.023041
all_machine_halls,stereo_vbee_ransac,8,kf,ape,0.158702,0.056082,0.053012,0.002557,0.061593,2.746614,0.025464
all_machine_halls,stereo_vbee_ransac,8,cam,rpe,0.437286,0.038624,0.029852,0.000014,0.052659,37.263440,0.035793
all_machine_halls,stereo_vbee_ransac,8,kf,rpe,9.982147,0.621450,0.425893,0.000491,0.991252,710.405455,0.772256
all_machine_halls,stereo_vbee_ransac,9,cam,ape,0.158204,0.047487,0.049783,0.000494,0.051618,35.828590,0.020234
all_machine_halls,stereo_vbee_ransac,9,kf,ape,0.152345,0.053205,0.052344,0.003705,0.058317,2.550664,0.023877
all_machine_halls,stereo_vbee_ransac,9,cam,rpe,0.379559,0.038506,0.029902,0.000018,0.052523,37.093700,0.035721
all_machine_halls,stereo_vbee_ransac,9,kf,rpe,9.530694,0.604214,0.427353,0.000823,0.923200,638.371681,0.698014
all_machine_halls,stereo_vbee_ransac,10,cam,ape,0.382477,0.046816,0.045271,0.000870,0.051077,35.057201,0.020423
all_machine_halls,stereo_vbee_ransac,10,kf,ape,0.152406,0.051844,0.051886,0.004570,0.056371,2.427714,0.022132
all_machine_halls,stereo_vbee_ransac,10,cam,rpe,0.530070,0.038800,0.029958,0.000000,0.053294,38.164568,0.036536
all_machine_halls,stereo_vbee_ransac,10,kf,rpe,10.791595,0.590320,0.411297,0.000527,0.929667,659.446475,0.718194
all_machine_halls,stereo_vbee_ransac,11,cam,ape,1.751088,0.049921,0.048603,0.000663,0.056524,42.936764,0.026511
all_machine_halls,stereo_vbee_ransac,11,kf,ape,0.152027,0.055665,0.054591,0.003968,0.061255,2.817914,0.025566
all_machine_halls,stereo_vbee_ransac,11,cam,rpe,1.725413,0.038876,0.029929,0.000020,0.056723,43.236977,0.041306
all_machine_halls,stereo_vbee_ransac,11,kf,rpe,6.432460,0.595771,0.453938,0.003106,0.868887,566.223457,0.632473
all_machine_halls,stereo_vbee_ransac,12,cam,ape,0.164756,0.048853,0.049859,0.001050,0.052945,37.677960,0.020412
all_machine_halls,stereo_vbee_ransac,12,kf,ape,0.146693,0.055168,0.052334,0.002716,0.060062,2.712792,0.023746
all_machine_halls,stereo_vbee_ransac,12,cam,rpe,0.436384,0.038529,0.029817,0.000000,0.052591,37.172023,0.035796
all_machine_halls,stereo_vbee_ransac,12,kf,rpe,9.383057,0.605158,0.433845,0.000925,0.929142,648.341766,0.705045
all_machine_halls,stereo_vbee_ransac,13,cam,ape,0.303406,0.050050,0.051425,0.001079,0.054604,40.069896,0.021832
all_machine_halls,stereo_vbee_ransac,13,kf,ape,0.247294,0.053407,0.051453,0.004636,0.058564,2.603152,0.024029
all_machine_halls,stereo_vbee_ransac,13,cam,rpe,0.432436,0.038649,0.030034,0.000019,0.052641,37.237600,0.035740
all_machine_halls,stereo_vbee_ransac,13,kf,rpe,6.022755,0.604507,0.432728,0.000938,0.895588,607.975138,0.660794
all_machine_halls,stereo_vbee_ransac,14,cam,ape,0.202191,0.053695,0.053510,0.000991,0.060081,48.684969,0.026956
all_machine_halls,stereo_vbee_ransac,14,kf,ape,0.159392,0.061211,0.058273,0.009453,0.068682,3.504930,0.031153
all_machine_halls,stereo_vbee_ransac,14,cam,rpe,0.381024,0.038521,0.029891,0.000000,0.052614,37.332998,0.035839
all_machine_halls,stereo_vbee_ransac,14,kf,rpe,9.517683,0.608257,0.428535,0.000765,0.919399,627.208823,0.689434
all_machine_halls,stereo_vbee_ransac,15,cam,ape,0.161856,0.047250,0.046098,0.001896,0.051070,35.050949,0.019381
all_machine_halls,stereo_vbee_ransac,15,kf,ape,0.158446,0.051671,0.050591,0.000758,0.056616,2.448936,0.023142
all_machine_halls,stereo_vbee_ransac,15,cam,rpe,0.389854,0.038664,0.030178,0.000009,0.052652,37.253761,0.035740
all_machine_halls,stereo_vbee_ransac,15,kf,rpe,9.420380,0.595791,0.410877,0.000707,0.930182,660.177265,0.714333
